Policy_Scenario,LCP_scenario,year,unit,Electricity,Refining,Gas & Hydrogen,Final energy,BECCS: Residue & MSW,BECCS: Purpose-grown,LULUCF
2C Main,No-LCP,2020,GtCO2 per yr,12.965866685672541,1.0624381064771633,0.11959448674958764,24.352459143165834,-1.159679015e-5,0,0.7327796069295738
2C Main,No-LCP,2025,GtCO2 per yr,11.913299890596752,1.077150667269726,0.05050086009389665,23.58897395522183,-0.014406256816313329,-0.0054116708071513375,3.0074776152469638
2C Main,No-LCP,2030,GtCO2 per yr,8.989825265447239,1.0610253799679146,0.05874759612370534,22.365536837788927,-0.10901375125351556,-0.06039969547436328,2.5083733712498835
2C Main,No-LCP,2035,GtCO2 per yr,6.121295522525324,1.0235612426053486,0.08247092735853012,20.347272817246555,-0.3455751606362663,-0.2516945385245278,2.9625961323112984
2C Main,No-LCP,2040,GtCO2 per yr,4.579338950899808,0.9952712961572466,0.11541823834201881,18.535443140645878,-0.6406309790848006,-0.6212322354678728,3.8062091416330994
2C Main,No-LCP,2045,GtCO2 per yr,3.2998409597068106,0.9288676351079033,0.18359966844286946,16.990932925406916,-1.023241591139014,-1.3417859864486685,4.990478233777136
2C Main,No-LCP,2050,GtCO2 per yr,2.6239536897919526,0.838829398455713,0.27792407694744947,15.589025695247301,-1.401415617006123,-2.1918168422632744,4.598378168261561
2C Main,No-LCP,2055,GtCO2 per yr,2.2714698610873207,0.7832239748855381,0.3991392242952826,14.553705556118906,-1.747861345306984,-2.7782334108136224,2.803959355297207
2C Main,No-LCP,2060,GtCO2 per yr,2.0558128091655288,0.7474745179345976,0.4760918236505909,13.484947419570945,-2.099902898244597,-3.3648747898253264,2.315416170619282
2C Main,No-LCP,2065,GtCO2 per yr,1.9176107506995717,0.7277485850043159,0.5333257096226648,12.14689004406118,-2.5108041020945575,-4.122452589415635,2.465054507232511
2C Main,No-LCP,2070,GtCO2 per yr,1.8626861592454067,0.7102191718887549,0.5671561851492619,10.350021542314728,-2.991649433969981,-5.7672993316584575,4.767211489700579
2C Main,No-LCP,2075,GtCO2 per yr,1.8220619131554887,0.7325021741056897,0.6068168361336324,8.616252667300765,-3.450564934370365,-7.338554734561656,3.8804299109511344
2C Main,No-LCP,2080,GtCO2 per yr,1.7998367404370774,0.7315011691708412,0.629781164818784,7.040406769795346,-3.80776105334031,-8.20822936311991,2.0203786739288114
2C Main,No-LCP,2085,GtCO2 per yr,1.7514273993739908,0.6773208001003536,0.6192968369169626,5.3624429925775985,-4.146426368022532,-8.976782173767036,1.7830447950606028
2C Main,No-LCP,2090,GtCO2 per yr,1.6740170413027409,0.5922271849585142,0.57756497182038,3.7070094299026426,-4.439931988524802,-9.640097627057992,1.559102160593791
2C Main,No-LCP,2095,GtCO2 per yr,1.5969527573088138,0.494994554536627,0.5088714657449696,2.2194257816224265,-4.670459715437261,-10.19398830337228,1.1735993764498664
2C Main,No-LCP,2100,GtCO2 per yr,1.4888231267552916,0.4116656870178298,0.42775992790713274,1.0849871182228323,-4.835866224768647,-10.831563568633763,0.7327762977651636
2C Main,10%-LCP,2020,GtCO2 per yr,12.965858593712065,1.0624354218186003,0.11959477498483898,24.352451240729316,-1.1596790883333333e-5,0,0.7327784197933795
2C Main,10%-LCP,2025,GtCO2 per yr,12.043371030474352,1.0799862637444928,0.05533930499449663,23.66988011229847,-0.012784419274098653,-0.004620642368709016,1.7004140651886313
2C Main,10%-LCP,2030,GtCO2 per yr,9.348789683060962,1.0667287037070552,0.06938435402520443,22.51782169761226,-0.09251834017796878,-0.04808906443878024,1.0002336703921193
2C Main,10%-LCP,2035,GtCO2 per yr,6.680599397755215,1.0337011908773028,0.09802842125742883,20.59944915758541,-0.28956228442811255,-0.19339195661651448,1.2322184092244728
2C Main,10%-LCP,2040,GtCO2 per yr,5.091397043670569,1.012307245176343,0.13113651130944048,18.890911181047187,-0.5452401111030108,-0.479997899354991,2.1439620433729716
2C Main,10%-LCP,2045,GtCO2 per yr,3.6754195327652037,0.955690429985179,0.19588192244033786,17.46495635816126,-0.8993040567961378,-1.0497891411490599,3.1728781368924563
2C Main,10%-LCP,2050,GtCO2 per yr,2.84611206670268,0.8606991790702185,0.26086155934504995,16.064939666792103,-1.2578343088717072,-1.9062707131113659,3.665457365608824
2C Main,10%-LCP,2055,GtCO2 per yr,2.41064259754501,0.8048645999999031,0.3895253645774731,15.054853289222214,-1.5980964397115263,-2.453585639648327,1.454935765103149
2C Main,10%-LCP,2060,GtCO2 per yr,2.1468973920358323,0.7735922810338314,0.47082701508638153,14.025919655323207,-1.9297498139785874,-2.98219319831402,0.9035319421174668
2C Main,10%-LCP,2065,GtCO2 per yr,1.9752663087944158,0.7716082030520861,0.5335063650019061,12.759602796698513,-2.3062020901331945,-3.597624864081966,0.7309030210689773
2C Main,10%-LCP,2070,GtCO2 per yr,1.9051676222249148,0.8163450770883325,0.5835803846278663,11.314872831934132,-2.74081205831138,-4.512981482215427,1.051807555079183
2C Main,10%-LCP,2075,GtCO2 per yr,1.8460139052904867,0.8133475963005419,0.6151944290441438,9.384379201421527,-3.2520838503996146,-6.28437597795193,2.7328960226574193
2C Main,10%-LCP,2080,GtCO2 per yr,1.8145317534809577,0.796670683754907,0.6413820484488729,7.704794111079154,-3.6563140994369085,-7.523413295564745,1.6562845657336662
2C Main,10%-LCP,2085,GtCO2 per yr,1.76495444829808,0.7515492127136632,0.6419220973639517,6.096335102919605,-3.9928732903593547,-8.345763536012392,1.0154553681966412
2C Main,10%-LCP,2090,GtCO2 per yr,1.6903615339800213,0.6668543408840857,0.6097663989820121,4.472015292729893,-4.265505433809946,-9.063382701297446,0.6879486070750752
2C Main,10%-LCP,2095,GtCO2 per yr,1.6188062066266626,0.5593943337291284,0.5475440355928748,2.908749885417116,-4.496938053761319,-9.619961689238945,0.603141031781655
2C Main,10%-LCP,2100,GtCO2 per yr,1.5198582586448883,0.4540576256497135,0.4665119028319151,1.5306256285776652,-4.709310583054785,-10.159368382991593,0.37376237808858687
2C Main,50%-LCP,2020,GtCO2 per yr,12.965849418731356,1.0624337161341375,0.1195948877563183,24.352448456089913,-1.1596790883333333e-5,0,0.7327795607126023
2C Main,50%-LCP,2025,GtCO2 per yr,12.20732292486515,1.0837988671919607,0.06363506315332823,23.780821903803073,-0.011106332073814828,-0.003588064296996841,-0.3022677623147413
2C Main,50%-LCP,2030,GtCO2 per yr,9.849361092503226,1.0740051335532874,0.08779080247001964,22.726963844871605,-0.0751456099648171,-0.03314958096229619,-2.1593651938978695
2C Main,50%-LCP,2035,GtCO2 per yr,7.423081210948009,1.0468137049968125,0.12526291880344964,20.940548346016108,-0.23082819505263802,-0.1260152425774909,-2.2139777546500667
2C Main,50%-LCP,2040,GtCO2 per yr,5.821874320451191,1.0344604492110545,0.16249956238337493,19.37262262024562,-0.4411334520161208,-0.3135924754065053,-1.0648241905869156
2C Main,50%-LCP,2045,GtCO2 per yr,4.269950417288005,0.9942449574301513,0.226159724596796,18.11912117700749,-0.7503017707367639,-0.693091571194302,-0.1733392344755069
2C Main,50%-LCP,2050,GtCO2 per yr,3.2495059039847387,0.9104331313820854,0.2900478121551332,16.877078797181447,-1.0727870852082326,-1.2832205053233128,0.3704516898534189
2C Main,50%-LCP,2055,GtCO2 per yr,2.6566511935116863,0.853537029170049,0.3725660245263339,15.851362444670656,-1.3722540970163073,-1.8748977990688465,-0.04166586358903031
2C Main,50%-LCP,2060,GtCO2 per yr,2.30915517526714,0.8288461551447207,0.4560203708097262,14.825250334594246,-1.6865534772695354,-2.391238096404322,-0.7349141126133844
2C Main,50%-LCP,2065,GtCO2 per yr,2.083436462747594,0.8428239698195604,0.528976374561011,13.639090707097694,-2.031480630287207,-2.9051838470829288,-1.190655983031888
2C Main,50%-LCP,2070,GtCO2 per yr,1.9786746024196065,0.9406754413446156,0.5878632499632203,12.427010984023005,-2.417993058433928,-3.4935179633128453,-1.271562739715381
2C Main,50%-LCP,2075,GtCO2 per yr,1.9032330350644946,1.0227091872635037,0.6426560641725311,10.999375151104692,-2.881916196044362,-4.232876056822532,-1.3203579092622748
2C Main,50%-LCP,2080,GtCO2 per yr,1.854840589192416,0.9837950630638861,0.670460316084177,9.206210782416662,-3.347305512676823,-5.421298947523023,-0.608597285308349
2C Main,50%-LCP,2085,GtCO2 per yr,1.7910134200470536,0.8777948587414369,0.6722368497224032,7.27511835220174,-3.701465494963985,-6.918892851977808,-0.13839439217513405
2C Main,50%-LCP,2090,GtCO2 per yr,1.7192844604330721,0.7962513197228205,0.6550226723922687,5.709292666107935,-3.971604101839235,-7.639972818267973,-0.5204862633766657
2C Main,50%-LCP,2095,GtCO2 per yr,1.6515935583556214,0.6862440277808954,0.6028662806135104,4.173613647922152,-4.169409264229064,-8.20140770118769,-0.44461709110412234
2C Main,50%-LCP,2100,GtCO2 per yr,1.5595283226853427,0.5678698654411998,0.5256812440170069,2.7489712765069454,-4.339165691722194,-8.705364447855798,-0.42733404972403183
2C Main,100%-LCP,2020,GtCO2 per yr,12.965826681001163,1.0624310695339234,0.1195955140371163,24.35243553435461,-1.1596794916666666e-5,0,0.7327797014974217
2C Main,100%-LCP,2025,GtCO2 per yr,12.266356989064805,1.0851659084012943,0.06840436951533879,23.82421063436213,-0.010684109496103683,-0.0031126761809626507,-1.6434925799775346
2C Main,100%-LCP,2030,GtCO2 per yr,10.020771926357204,1.0765751264896206,0.09755658186848926,22.806059706478557,-0.07055451654829199,-0.027153737988894342,-4.500360352107265
2C Main,100%-LCP,2035,GtCO2 per yr,7.6693917246345675,1.0515610563987443,0.13967527809704838,21.067651145072336,-0.2149443596125251,-0.10027489897099907,-4.516307786662943
2C Main,100%-LCP,2040,GtCO2 per yr,6.078023352220539,1.0427349164129565,0.1807119649629424,19.55503933945044,-0.41072231629928063,-0.24921562155292515,-3.1470663656796476
2C Main,100%-LCP,2045,GtCO2 per yr,4.498347205263987,1.009876839538038,0.24682404687348614,18.376228726376482,-0.700530765142996,-0.5507978563508537,-2.057881194365266
2C Main,100%-LCP,2050,GtCO2 per yr,3.418215882943376,0.936754341868524,0.31373557548574726,17.218747338393253,-1.0026220254355247,-1.0197892020153476,-1.381022339514655
2C Main,100%-LCP,2055,GtCO2 per yr,2.7727569669924743,0.8857202157606108,0.39604822335928735,16.263866832751887,-1.2842705900437503,-1.474589197373562,-1.4610045893944434
2C Main,100%-LCP,2060,GtCO2 per yr,2.3879888058833685,0.8677628246967573,0.4632376168834196,15.245496420637659,-1.5771937287397593,-1.949020523534427,-1.6659028399851312
2C Main,100%-LCP,2065,GtCO2 per yr,2.1343975634142107,0.8857570415948427,0.5212039522747562,14.041110497873454,-1.9062615107871594,-2.53259947097939,-1.5989786817990181
2C Main,100%-LCP,2070,GtCO2 per yr,2.015468356212542,0.9959299081539242,0.5857719131420797,12.87915360888345,-2.283925738706605,-3.0561503944700728,-1.653238340603267
2C Main,100%-LCP,2075,GtCO2 per yr,1.929850710292052,1.0869284951616267,0.645928014063222,11.507890283314332,-2.7286969921927704,-3.6965679540250784,-1.8903583539333109
2C Main,100%-LCP,2080,GtCO2 per yr,1.8771696465523355,1.08355199508306,0.6850984768877442,9.945427474563319,-3.1848009073363657,-4.401848482758328,-1.787999260265599
2C Main,100%-LCP,2085,GtCO2 per yr,1.815710110272875,1.0043865621781949,0.696508422011605,8.205374291573113,-3.5251312575239284,-5.331926944525801,-1.4485064955941933
2C Main,100%-LCP,2090,GtCO2 per yr,1.7385388110261295,0.8727025628116598,0.6750690744396687,6.37760723968084,-3.77332327110295,-6.541957590513674,-0.8405310032436587
2C Main,100%-LCP,2095,GtCO2 per yr,1.671553406352829,0.7647486321070084,0.626591428582852,4.8816109214571375,-3.954101266450973,-7.067280060055744,-1.0381025355058018
2C Main,100%-LCP,2100,GtCO2 per yr,1.5814049408403195,0.6455236184574543,0.5507232246604629,3.482304595089137,-4.0987146064242594,-7.5245580714538844,-0.8426187328074036
A/R-Focused,10%-LCP,2020,GtCO2 per yr,12.965813631998103,1.0624295838884066,0.11959582579982395,24.35242785680719,-1.159679895e-5,0,0.732779369295479
A/R-Focused,10%-LCP,2025,GtCO2 per yr,12.07171147248106,1.0806241233854046,0.05575703855290176,23.6868764572824,-0.012427848600724581,-0.00452720322728642,1.995100197405775
A/R-Focused,10%-LCP,2030,GtCO2 per yr,9.429668189902387,1.0679246233811086,0.07015910003151987,22.548882540453043,-0.08901938468442823,-0.04681586231918874,1.16831518024091
A/R-Focused,10%-LCP,2035,GtCO2 per yr,6.808703023196213,1.035748249856006,0.09873575801375079,20.65024149751817,-0.2782318707976727,-0.1883968891354834,1.2164990254226025
A/R-Focused,10%-LCP,2040,GtCO2 per yr,5.211275968962795,1.015312289596384,0.1308722970289854,18.95800054635272,-0.5268182829168282,-0.4698523382735256,1.9611367100586226
A/R-Focused,10%-LCP,2045,GtCO2 per yr,3.766738608080954,0.9597029602612781,0.19335927192088043,17.5438007636585,-0.8758366438788683,-1.0332962868144715,2.8522715744255187
A/R-Focused,10%-LCP,2050,GtCO2 per yr,2.902285398463344,0.8647848967988572,0.25741646570704335,16.15418620426621,-1.233558693252231,-1.8773729837967943,3.3794343391770236
A/R-Focused,10%-LCP,2055,GtCO2 per yr,2.444315950366899,0.8091142228656848,0.3858885309377679,15.148903668691187,-1.573208412639679,-2.4222200133343263,1.3386051458032944
A/R-Focused,10%-LCP,2060,GtCO2 per yr,2.1680726377693187,0.7788600616905863,0.4677277533015538,14.124427139787144,-1.9026252134911057,-2.949366148572412,0.9147105999485665
A/R-Focused,10%-LCP,2065,GtCO2 per yr,1.9873326133613989,0.7791575185559367,0.5307806743110695,12.867645372906814,-2.274279294086484,-3.562771736208739,0.6854859308907337
A/R-Focused,10%-LCP,2070,GtCO2 per yr,1.9110243875874886,0.8260629402637916,0.5804749229311704,11.422167854301414,-2.7035437413522585,-4.500382420918725,0.9648370161547895
A/R-Focused,10%-LCP,2075,GtCO2 per yr,1.8477480096595946,0.8221123705409699,0.61276511148053725,9.479328972614399,-3.215210872665124,-6.33421088554605,2.555634687990774
A/R-Focused,10%-LCP,2080,GtCO2 per yr,1.8137853381982416,0.8048974970928537,0.6406353405593646,7.793151778683355,-3.6249928095499846,-7.652425261172708,1.4328480879718382
A/R-Focused,10%-LCP,2085,GtCO2 per yr,1.7637925509122034,0.7614198911318066,0.6438710980996184,6.193516655902521,-3.967072552383473,-8.508874519550163,0.7237413234009654
A/R-Focused,10%-LCP,2090,GtCO2 per yr,1.6899825637077335,0.6764437786553792,0.6141751072050847,4.561733727175917,-4.256147877070302,-9.2468269467238,0.6518748052559313
A/R-Focused,10%-LCP,2095,GtCO2 per yr,1.6193858512064527,0.5676337672871374,0.5537628353557784,2.986407832648386,-4.491992402427418,-9.830838977362172,0.4820503975982195
A/R-Focused,10%-LCP,2100,GtCO2 per yr,1.5216027903391711,0.45903609728504413,0.4732324733976001,1.5714728526183221,-4.717380638829334,-10.384802653153045,0.3087778154609673
A/R-Focused,50%-LCP,2020,GtCO2 per yr,12.965826741383463,1.062431091533924,0.11959544056074628,24.352435743254617,-1.1596794916666666e-5,0,0.732779319133435
A/R-Focused,50%-LCP,2025,GtCO2 per yr,12.32068644927072,1.0859616929473768,0.06545056901607199,23.852321050751126,-0.010012975889903561,-0.00334569522481944,2.0759411836905586
A/R-Focused,50%-LCP,2030,GtCO2 per yr,10.200421294425846,1.0780956627078053,0.09174378059781485,22.852813416591843,-0.06470533415120754,-0.029813284646360263,-0.8969000911011771
A/R-Focused,50%-LCP,2035,GtCO2 per yr,7.930295359760303,1.0542229032087742,0.129924669740885,21.140580540556584,-0.19725957794066962,-0.11308796108253703,-2.0525355779203562
A/R-Focused,50%-LCP,2040,GtCO2 per yr,6.349751506277274,1.0454961347018146,0.1653672652001168,19.638490544981718,-0.3831713809592919,-0.2860193805774177,-2.2277314829241313
A/R-Focused,50%-LCP,2045,GtCO2 per yr,4.727573210126243,1.01019742268767,0.22192124429163618,18.435389603319884,-0.6724370206086441,-0.6431364259529209,-1.4264632324303255
A/R-Focused,50%-LCP,2050,GtCO2 per yr,3.5699984969252823,0.9304042629670531,0.27834653603736037,17.226915520079274,-0.9867202939495605,-1.210898506257351,-0.7869885754027676
A/R-Focused,50%-LCP,2055,GtCO2 per yr,2.855976377547715,0.874529272750365,0.3538697607251069,16.22070717035725,-1.2816572448550128,-1.8020783401181724,-0.9201864743445684
A/R-Focused,50%-LCP,2060,GtCO2 per yr,2.4385169144800787,0.8560959751689158,0.4446058769588157,15.236061377145758,-1.5874205917600102,-2.2863504394554717,-1.3983910925610028
A/R-Focused,50%-LCP,2065,GtCO2 per yr,2.1643035575664977,0.8798519475064013,0.5171251451951868,14.091825255406116,-1.920888791797135,-2.790411191894609,-1.5742487057960022
A/R-Focused,50%-LCP,2070,GtCO2 per yr,2.029353139350439,0.9917664169765756,0.5762281199290882,12.92942268165171,-2.289742168343294,-3.3685506407826598,-1.7979788189255808
A/R-Focused,50%-LCP,2075,GtCO2 per yr,1.9307777822117922,1.0805981658744073,0.6370669504466614,11.532598808339548,-2.7386668564445977,-4.120988505066148,-1.9624283628280148
A/R-Focused,50%-LCP,2080,GtCO2 per yr,1.863752875022369,1.030353685605652,0.6679472252078074,9.656726907511995,-3.219028262945748,-5.549684338583958,-1.3307261842848235
A/R-Focused,50%-LCP,2085,GtCO2 per yr,1.7897902653720519,0.9112572150639779,0.6741323479102939,7.629946335995965,-3.6572601129760094,-7.414797275081405,-1.0044538983550424
A/R-Focused,50%-LCP,2090,GtCO2 per yr,1.7161912207095997,0.833410581024028,0.6683975899968574,6.079258678695818,-3.946795069943542,-8.279479043564884,-1.995878601767618
A/R-Focused,50%-LCP,2095,GtCO2 per yr,1.6496437686345589,0.7226893759214164,0.6254812110440701,4.523780676047278,-4.170995026390085,-8.96731230619002,-1.6261925662887668
A/R-Focused,50%-LCP,2100,GtCO2 per yr,1.5602944188676107,0.5993002363004025,0.5546176650518517,3.0550419424367568,-4.3529810270514195,-9.582594120426677,-1.3628914640966725
A/R-Focused,100%-LCP,2020,GtCO2 per yr,12.96581198752448,1.062429552700508,0.11959588939806931,24.352425873801216,-1.1596799316666667e-5,0,0.7327794983173471
A/R-Focused,100%-LCP,2025,GtCO2 per yr,12.436247463657265,1.0884780468736974,0.07116789579795374,23.938632871073278,-0.009107012593398854,-0.0028165059549051475,2.521178251419567
A/R-Focused,100%-LCP,2030,GtCO2 per yr,10.585821734789665,1.0828169442283304,0.10430252977968374,23.011185547628777,-0.055763576362220145,-0.02306185918027231,-2.5766625078807714
A/R-Focused,100%-LCP,2035,GtCO2 per yr,8.473035737395696,1.0638560722245065,0.1481772141160333,21.39059502665306,-0.1674527552183172,-0.08453035037156148,-4.483241085945844
A/R-Focused,100%-LCP,2040,GtCO2 per yr,6.952006688289777,1.0598046086219708,0.1874717066481867,19.985117005327282,-0.3276319865198571,-0.21458689299476247,-5.044012032793523
A/R-Focused,100%-LCP,2045,GtCO2 per yr,5.312837926829018,1.0349807191325877,0.24371643741701254,18.88778699789843,-0.5863581142025975,-0.486348674860738,-4.095998043948004
A/R-Focused,100%-LCP,2050,GtCO2 per yr,4.017235142195453,0.9709763248629758,0.29912497709891483,17.78978871307118,-0.8742795719392044,-0.9236481405599788,-3.279031726426547
A/R-Focused,100%-LCP,2055,GtCO2 per yr,3.159573342171572,0.9240218271881049,0.3714804620980331,16.868821563924634,-1.1479035787907736,-1.3744915707658403,-2.995582115243853
A/R-Focused,100%-LCP,2060,GtCO2 per yr,2.6366477822792245,0.9103003631202167,0.4341663825477574,15.88780862931235,-1.4241481789604196,-1.8682474892826673,-2.8254537672536113
A/R-Focused,100%-LCP,2065,GtCO2 per yr,2.2948057936970696,0.9501974344704814,0.5005779697207794,14.78567669509152,-1.7441615617051018,-2.389364901688056,-2.8254948693310067
A/R-Focused,100%-LCP,2070,GtCO2 per yr,2.1209828618214637,1.0779221547546354,0.5650062110314698,13.693926067972969,-2.0926749832516505,-2.9007735324028685,-2.9748131098013832
A/R-Focused,100%-LCP,2075,GtCO2 per yr,1.9913371249298195,1.1779199631353205,0.6345799028197209,12.365078525702,-2.512501844892697,-3.566115402158571,-3.0466987771840253
A/R-Focused,100%-LCP,2080,GtCO2 per yr,1.907026479731495,1.1807336363516818,0.6862121224847545,10.822665895962304,-2.9724705578974273,-4.344917690262597,-3.2346452300273003
A/R-Focused,100%-LCP,2085,GtCO2 per yr,1.820835723642861,1.0713517246356394,0.7030651185863831,8.869436862475917,-3.423646985741766,-5.785799548822967,-2.634646117830788
A/R-Focused,100%-LCP,2090,GtCO2 per yr,1.7320816894875701,0.9261377394830359,0.6919283540752887,6.9246778879982545,-3.775635104995978,-7.5071310255240435,-2.26074000112712
A/R-Focused,100%-LCP,2095,GtCO2 per yr,1.6647604930205304,0.82121938948828,0.6600512816675944,5.4145978313466205,-4.0042411400096425,-8.258049361306938,-3.0780837689985074
A/R-Focused,100%-LCP,2100,GtCO2 per yr,1.5778630838500662,0.6952885076360635,0.5970191386228318,3.9493348757669513,-4.179852265049396,-8.912913300107649,-2.502672670644219
Low-Bioenergy,No-LCP,2020,GtCO2 per yr,12.965816614011946,1.0624299210746695,0.1195957484930853,24.352429686078803,-1.1596799316666667e-5,0,0.7327794277698094
Low-Bioenergy,No-LCP,2025,GtCO2 per yr,10.262926394961752,1.0565136103313344,0.034416982759747805,22.959665675620453,-0.04178318696394657,-0.015290647080548102,2.904297620436585
Low-Bioenergy,No-LCP,2030,GtCO2 per yr,5.285986009550548,1.0160277933396382,0.09173267813668212,21.282577065706242,-0.2397878734935062,-0.11737175777587247,1.9164764322796832
Low-Bioenergy,No-LCP,2035,GtCO2 per yr,2.8374207426835505,0.9511657347628336,0.18938258052982576,18.771171107470053,-0.5056311053031514,-0.29600540720876434,1.9947808956323902
Low-Bioenergy,No-LCP,2040,GtCO2 per yr,2.353923449463834,0.9190206063594818,0.2915212214951848,16.64932245011417,-0.7093732277205503,-0.498857790562405,2.2076732933049055
Low-Bioenergy,No-LCP,2045,GtCO2 per yr,2.145291292311283,0.8799290016162535,0.39958543273849656,15.069336306399435,-0.89326533261743,-0.7151300107190696,2.428619584335361
Low-Bioenergy,No-LCP,2050,GtCO2 per yr,2.0413556833884714,0.8186012563167991,0.47849740810312663,13.673779447083914,-1.0581082864725042,-0.9389420916440036,2.3027026323857256
Low-Bioenergy,No-LCP,2055,GtCO2 per yr,1.9614227128289292,0.7663207674467869,0.5312823071284787,12.429348062326829,-1.2970720766041872,-1.131875464819157,1.9966156461586462
Low-Bioenergy,No-LCP,2060,GtCO2 per yr,1.9270790655234367,0.7223125962611678,0.5638311089238663,11.136253668075105,-1.5675812231841284,-1.3544984134735172,1.7594728330536618
Low-Bioenergy,No-LCP,2065,GtCO2 per yr,1.9292777172098994,0.6724404872642942,0.5838463999191396,9.63722706705261,-1.8495097529779394,-1.5682024054935235,1.7045660806471008
Low-Bioenergy,No-LCP,2070,GtCO2 per yr,1.9298608737191647,0.6391984056529719,0.5890177488149109,8.017344422769254,-2.103477936798979,-1.7661429022719763,1.4203350663636014
Low-Bioenergy,No-LCP,2075,GtCO2 per yr,1.8926659751637307,0.6217633265637772,0.5717396539121218,6.380516491123512,-2.2933436569646277,-1.9459349031825612,1.2130360935372568
Low-Bioenergy,No-LCP,2080,GtCO2 per yr,1.8475558890754278,0.602119718446124,0.5231782753043664,4.899586896427488,-2.451341778084801,-2.1248080279995745,0.9899042570857187
Low-Bioenergy,No-LCP,2085,GtCO2 per yr,1.756990832907963,0.5456344083223322,0.4573221441986073,3.5118978474050775,-2.5885136055151112,-2.3005262979910506,0.8233956897310818
Low-Bioenergy,No-LCP,2090,GtCO2 per yr,1.6440515001106302,0.475463320219015,0.389649142184006,2.2935924375205015,-2.7228772054249206,-2.482506136917833,0.6618927920596632
Low-Bioenergy,No-LCP,2095,GtCO2 per yr,1.5423016944444683,0.40420569328910133,0.33186236523239093,1.2614787123942313,-2.8526322777407094,-2.6684497928729067,0.6481612206897708
Low-Bioenergy,No-LCP,2100,GtCO2 per yr,1.41468511444573,0.3206714975483159,0.286477709391451,0.3266191245872438,-2.964152320144826,-2.8559154794406068,0.3753632925179724
Low-Bioenergy,10%-LCP,2020,GtCO2 per yr,12.965852622140888,1.0624343291025837,0.11959484680423865,24.35245006049414,-1.1596790883333333e-5,0,0.7327795625414333
Low-Bioenergy,10%-LCP,2025,GtCO2 per yr,11.118671894867127,1.0650298947421506,0.043642965088659225,23.238078780950936,-0.025845571892505966,-0.009072970184990032,1.3250728958827485
Low-Bioenergy,10%-LCP,2030,GtCO2 per yr,6.935107877061138,1.0376667077267698,0.0961599656704793,21.798964799828685,-0.16080371651472314,-0.07358864113098688,0.15167065928472706
Low-Bioenergy,10%-LCP,2035,GtCO2 per yr,3.906976421024924,0.9846189820647742,0.18192283223170524,19.52817573568124,-0.381726258019901,-0.2046135277467167,0.07306511001998016
Low-Bioenergy,10%-LCP,2040,GtCO2 per yr,2.9786911355550165,0.9571468539448081,0.2785113988100534,17.608727655139745,-0.5660308033153232,-0.36364574503315883,0.470068407480273
Low-Bioenergy,10%-LCP,2045,GtCO2 per yr,2.4601663622244745,0.9230072450944834,0.38857818222392193,16.210356347179403,-0.7468288293416806,-0.5453090011631484,0.7005780548720542
Low-Bioenergy,10%-LCP,2050,GtCO2 per yr,2.20993365611707,0.8604630538793507,0.47333079670766465,14.955925721388798,-0.9178683884845805,-0.7417073938369096,0.603755292738876
Low-Bioenergy,10%-LCP,2055,GtCO2 per yr,2.058469242205346,0.8111468146290917,0.5330601590569874,13.839386352641569,-1.16359634263294,-0.9160947868021914,0.40335777549579904
Low-Bioenergy,10%-LCP,2060,GtCO2 per yr,1.9747226187108775,0.7696717592679487,0.5745688834971621,12.641792130862889,-1.4493004283810027,-1.1192991492407114,0.068275779473374
Low-Bioenergy,10%-LCP,2065,GtCO2 per yr,1.945660530132213,0.7402922371088322,0.6113241491770349,11.19141953404771,-1.7597704835305163,-1.3199656574558334,-0.07132971444949611
Low-Bioenergy,10%-LCP,2070,GtCO2 per yr,1.95195453402782,0.7466707998168512,0.6342926013098461,9.59308876797997,-2.0592009252845878,-1.4862515032273838,-0.21015817737536263
Low-Bioenergy,10%-LCP,2075,GtCO2 per yr,1.9341923109760657,0.7927615625476896,0.6344248362492043,7.9463149860457465,-2.3311976506476775,-1.629941929604099,-0.44830887826715105
Low-Bioenergy,10%-LCP,2080,GtCO2 per yr,1.9040211634299151,0.7815650425684126,0.6072437910129385,6.415241081714334,-2.562210269209578,-1.7836041698848482,-0.9969144993868747
Low-Bioenergy,10%-LCP,2085,GtCO2 per yr,1.827360800852377,0.724866780650899,0.5526885119743731,4.9324003933251115,-2.772858023931217,-1.933487527695151,-1.3390159341921806
Low-Bioenergy,10%-LCP,2090,GtCO2 per yr,1.7252639292308443,0.6497200199003155,0.4799665882717628,3.605342526812713,-2.9810429784607133,-2.090086972742349,-1.7410899631278118
Low-Bioenergy,10%-LCP,2095,GtCO2 per yr,1.6260988360195021,0.5644083292725889,0.40460294802720065,2.44575266835614,-3.1684906662145145,-2.2333892472566976,-1.9282081445901105
Low-Bioenergy,10%-LCP,2100,GtCO2 per yr,1.5049224371859673,0.4703536639073603,0.34040610309028096,1.4100806519368072,-3.3350593470274883,-2.385719000810194,-2.178168979298627
Low-Bioenergy,50%-LCP,2020,GtCO2 per yr,12.965842978884654,1.0624327452880395,0.11959507278517331,24.35244458397764,-1.159679125e-5,0,0.7327795222751293
Low-Bioenergy,50%-LCP,2025,GtCO2 per yr,11.66579047072259,1.073077466919666,0.051842979099080755,23.47007101140997,-0.018208399078654878,-0.005691880382784452,-0.7630141585787029
Low-Bioenergy,50%-LCP,2030,GtCO2 per yr,8.300249734373624,1.054555528658531,0.10535137351145152,22.22877682215185,-0.11359231206592214,-0.04415596933790817,-3.1809442380082364
Low-Bioenergy,50%-LCP,2035,GtCO2 per yr,5.247494685217306,1.0151137612097243,0.18318579122971107,20.185420720651017,-0.2938954137585139,-0.13014554597935038,-3.3950827787703157
Low-Bioenergy,50%-LCP,2040,GtCO2 per yr,3.913771360203989,0.9974630577998135,0.27321988130619534,18.46344001740197,-0.4624276817916595,-0.2451749593517568,-2.501866128028813
Low-Bioenergy,50%-LCP,2045,GtCO2 per yr,2.95679584557095,0.9683201785197486,0.3805266784951353,17.22682050718221,-0.6428928380323761,-0.38727004889680006,-1.975888787751629
Low-Bioenergy,50%-LCP,2050,GtCO2 per yr,2.48803675322215,0.9109965720457961,0.4673285500058045,16.09891428951991,-0.8184384648485007,-0.5453403084603083,-1.782977288927041
Low-Bioenergy,50%-LCP,2055,GtCO2 per yr,2.229005806407333,0.8656436220794255,0.5290516817082094,15.094916610114874,-1.0662435168538795,-0.6813751529358417,-1.7059661754120676
Low-Bioenergy,50%-LCP,2060,GtCO2 per yr,2.0714023892265168,0.8343117166189875,0.5768391333544777,13.954188198493277,-1.3630653816026035,-0.8408650519975668,-1.7729094915196317
Low-Bioenergy,50%-LCP,2065,GtCO2 per yr,1.9845710770835285,0.8320023347577185,0.620675022834204,12.637332761004844,-1.6928985761298176,-1.0110780980370195,-1.989678232253583
Low-Bioenergy,50%-LCP,2070,GtCO2 per yr,1.9667655445416483,0.9106448095775116,0.6526997476933831,11.32994259447754,-2.040912269421758,-1.1761190468505018,-1.8716994935048297
Low-Bioenergy,50%-LCP,2075,GtCO2 per yr,1.9463216641584813,0.9844578435055145,0.6739570198222632,9.837314934188514,-2.378036735424857,-1.3222516725953632,-2.109009520102474
Low-Bioenergy,50%-LCP,2080,GtCO2 per yr,1.927211571095052,0.9734729915891123,0.6687918883699422,8.198374118823908,-2.679845909043268,-1.4345559084053643,-2.1654563979754684
Low-Bioenergy,50%-LCP,2085,GtCO2 per yr,1.870702378266377,0.9072575750114678,0.6343882433017098,6.508350169694538,-2.956857761085439,-1.5360530159706927,-2.0708285987668007
Low-Bioenergy,50%-LCP,2090,GtCO2 per yr,1.779455484546654,0.8267777786547992,0.573329424610756,5.063896738743145,-3.2004217322500383,-1.701272870987159,-2.6043256128695407
Low-Bioenergy,50%-LCP,2095,GtCO2 per yr,1.6879828832626658,0.7360397844641715,0.49214107745255714,3.7965108739184945,-3.3877948207629394,-1.8917857808601928,-2.6556034012804366
Low-Bioenergy,50%-LCP,2100,GtCO2 per yr,1.574898532617314,0.6327514144496202,0.41092205386637926,2.657512296392712,-3.5415037487246344,-2.096596567076661,-2.6939523983717035
Low-Bioenergy,100%-LCP,2020,GtCO2 per yr,12.965849422462924,1.0624337223691798,0.1195948877563183,24.352448455196086,-1.1596790883333333e-5,0,0.73277955733694
Low-Bioenergy,100%-LCP,2025,GtCO2 per yr,11.820487669756453,1.0759125185644185,0.057978417761235745,23.555775915860597,-0.016207919892150455,-0.00452923428868421,-2.1925552354171827
Low-Bioenergy,100%-LCP,2030,GtCO2 per yr,8.722603498189132,1.060159229591763,0.10878974451611945,22.375395866939893,-0.10253131013415462,-0.03511361695243795,-5.564926360708062
Low-Bioenergy,100%-LCP,2035,GtCO2 per yr,5.780229891706541,1.0251809522533093,0.18509976995667454,20.41620315743004,-0.2713339441154763,-0.10464778375588504,-5.604582619286239
Low-Bioenergy,100%-LCP,2040,GtCO2 per yr,4.337953901895393,1.0114104172575047,0.2729956886040616,18.768467227033444,-0.4357414939894396,-0.20186685537971644,-4.350921170072119
Low-Bioenergy,100%-LCP,2045,GtCO2 per yr,3.2128034060454995,0.9865582242352959,0.3786031517083475,17.592152029711023,-0.6185248703034335,-0.3256959939401867,-3.4595678809437547
Low-Bioenergy,100%-LCP,2050,GtCO2 per yr,2.6376774736980964,0.9324453887886631,0.465201864590334,16.5192891122126,-0.7986978751350751,-0.4652731722701537,-2.8626797891150195
Low-Bioenergy,100%-LCP,2055,GtCO2 per yr,2.321407228509464,0.8923111122585443,0.5267147306371713,15.555454740912287,-1.0456122093993019,-0.5856101605793006,-2.802775517506553
Low-Bioenergy,100%-LCP,2060,GtCO2 per yr,2.1278806000349473,0.8661634564293573,0.5750435978030356,14.45807444679572,-1.344247529565474,-0.7264309279235438,-2.5929979915681245
Low-Bioenergy,100%-LCP,2065,GtCO2 per yr,2.012686838426866,0.8737771281498459,0.6202087902241027,13.199533622133579,-1.682675448716905,-0.8771652603886507,-2.309926601522341
Low-Bioenergy,100%-LCP,2070,GtCO2 per yr,1.9786012118132907,0.9748676875269426,0.6544656900108423,11.979339540580963,-2.045988961401155,-1.0336387730175103,-2.504938170599361
Low-Bioenergy,100%-LCP,2075,GtCO2 per yr,1.9515037549734422,1.0583446842502893,0.6833731308574542,10.561585618368309,-2.393788860174299,-1.1919758323885086,-2.3803932151343274
Low-Bioenergy,100%-LCP,2080,GtCO2 per yr,1.9312548025360363,1.0525700908881144,0.6877357240706652,8.996290297026922,-2.6882244979431045,-1.343191056428059,-2.277026393863252
Low-Bioenergy,100%-LCP,2085,GtCO2 per yr,1.877267227331107,0.9878782094545351,0.6629427578836332,7.365981308573624,-2.933040155620586,-1.4994382253423915,-2.246034641585138
Low-Bioenergy,100%-LCP,2090,GtCO2 per yr,1.7936273050126337,0.8997949849090312,0.6086768072269485,5.826395523314536,-3.1687659704704014,-1.6647059114331497,-2.2259078848594513
Low-Bioenergy,100%-LCP,2095,GtCO2 per yr,1.7084106240585224,0.8010470929493101,0.5284179612486862,4.434816679876957,-3.3791403883555216,-1.8266099610494477,-2.2499671037915654
Low-Bioenergy,100%-LCP,2100,GtCO2 per yr,1.5994055714110842,0.6925950114023531,0.44258273614301297,3.2137813937967277,-3.5442074147490303,-2.0302298667756093,-2.3121709344374395
1.5C,No-LCP,2020,GtCO2 per yr,12.965849456980477,1.062433322993158,0.11959489674724166,24.352447947060693,-1.1596790883333333e-5,0,0.7327795205592493
1.5C,No-LCP,2025,GtCO2 per yr,8.948605718825023,1.0446846940828138,0.0027424561459662433,22.572101417475537,-0.09420919518290259,-0.03615409376309741,3.1170798047034984
1.5C,No-LCP,2030,GtCO2 per yr,3.506393642721074,0.9811886333161953,-0.0018342222559986077,20.4538702591894,-0.7368562992137149,-0.47271890379680664,3.433050074450204
1.5C,No-LCP,2035,GtCO2 per yr,1.929526989569292,0.8997710480088416,0.09160994379904763,17.259362035253808,-1.650668627458497,-1.8988381539066097,6.213403080370732
1.5C,No-LCP,2040,GtCO2 per yr,1.7864780621824936,0.8379706974267949,0.18815961326094166,14.483677719878886,-2.1402599302239396,-3.48606418354692,6.392900229679055
1.5C,No-LCP,2045,GtCO2 per yr,1.791536367232065,0.7771849398678146,0.31593950192211845,12.5883036847479,-2.604395378396316,-4.534986245687624,4.355659550880472
1.5C,No-LCP,2050,GtCO2 per yr,1.7925997178575646,0.7080851202442394,0.41133748982507545,10.98295986182293,-2.9545608255337408,-5.452658250669937,3.6352286980890374
1.5C,No-LCP,2055,GtCO2 per yr,1.7601251084625602,0.6508851449343735,0.47138730858956485,9.589073562451713,-3.293881867944007,-6.120313821529544,2.8180396455605745
1.5C,No-LCP,2060,GtCO2 per yr,1.7544989140862777,0.5996710971824434,0.5018761631937391,8.197398436982645,-3.637903729045381,-6.741327393697716,2.267793163224904
1.5C,No-LCP,2065,GtCO2 per yr,1.7569252011295164,0.5473529198472518,0.5047247863220112,6.776145468392072,-3.9874744681734766,-7.328777086839681,2.023998567367185
1.5C,No-LCP,2070,GtCO2 per yr,1.7367650884098476,0.49902953963044594,0.4805071276688404,5.4286663342549515,-4.3462344432611335,-7.904343917239775,1.7691318753710352
1.5C,No-LCP,2075,GtCO2 per yr,1.6694062121805642,0.4382522254492195,0.44139191220643204,4.110845468817325,-4.605991741052724,-8.516989735449773,1.565703790518127
1.5C,No-LCP,2080,GtCO2 per yr,1.6093972965511183,0.3680344077828903,0.3915613929431443,2.6951644285255574,-4.778600073957839,-9.042320349446845,1.5109017672934462
1.5C,No-LCP,2085,GtCO2 per yr,1.5216893842979577,0.3071225745290074,0.3380330715702179,1.4192691317495485,-4.905861302955226,-9.545500510826463,1.2482959931399786
1.5C,No-LCP,2090,GtCO2 per yr,1.4240422236925023,0.2540307363725302,0.2914154294738473,0.3484133478900798,-4.997984391132262,-10.003054875517595,0.9456486212237303
1.5C,No-LCP,2095,GtCO2 per yr,1.3329817424196286,0.21028983955320008,0.2537156522698255,-0.5228732569100021,-5.0627170320505535,-10.40160891043052,0.6500902556256055
1.5C,No-LCP,2100,GtCO2 per yr,1.2043398458233958,0.17945685318877053,0.21768551227843555,-1.1436282398996926,-5.123532840182103,-11.010757090426956,0.7942585537342718
1.5C,10%-LCP,2020,GtCO2 per yr,12.96585824085309,1.0624359339851528,0.11959467475517466,24.352454244953982,-1.1596790516666667e-5,0,0.7327796049939624
1.5C,10%-LCP,2025,GtCO2 per yr,9.613007710819812,1.0504635958616015,0.013567157089247273,22.74889644690482,-0.06700756119145605,-0.023912485881123956,1.0978840751338665
1.5C,10%-LCP,2030,GtCO2 per yr,4.271982374913175,0.9973944203606013,0.007365695326540689,20.793244271949856,-0.5576800776480337,-0.30995922070388016,0.5654284090555617
1.5C,10%-LCP,2035,GtCO2 per yr,2.22826657887597,0.9218172145659764,0.08144737663402457,17.890668026377885,-1.3727994950815394,-1.2292968907975093,1.8929419405533614
1.5C,10%-LCP,2040,GtCO2 per yr,1.9387566120925461,0.858953388178622,0.16454729249966704,15.185136990879823,-1.8719035374916955,-2.6931194487678387,4.198833611323854
1.5C,10%-LCP,2045,GtCO2 per yr,1.8767517998146128,0.7946474815371873,0.298678311006744,13.286040466534168,-2.312671566021361,-3.7927164592973095,2.605137575791058
1.5C,10%-LCP,2050,GtCO2 per yr,1.8340349206462587,0.7224616331870609,0.3950002664032427,11.636879473499135,-2.7661888500322327,-4.867646601778534,2.104540357304225
1.5C,10%-LCP,2055,GtCO2 per yr,1.7869183466070253,0.6674568544287798,0.46924884515178344,10.34092682841667,-3.1181809745961915,-5.5938404321364725,1.801486860271915
1.5C,10%-LCP,2060,GtCO2 per yr,1.7735956814058418,0.6190604162127041,0.5102030206996291,9.0385380492774825,-3.4753514038551896,-6.256497848966136,1.3070070760294719
1.5C,10%-LCP,2065,GtCO2 per yr,1.7774243883474052,0.5661532455679159,0.5239865573050633,7.660915669352271,-3.82435869958461,-6.876304181456933,1.2055677665396498
1.5C,10%-LCP,2070,GtCO2 per yr,1.7671109648340693,0.5154681228108422,0.5117900800099668,6.2510203717396235,-4.192338166889848,-7.431428557371905,1.0868901751944513
1.5C,10%-LCP,2075,GtCO2 per yr,1.7147192883212194,0.4521146254057447,0.4838229413327634,4.637480318524045,-4.520977751333618,-7.951541826097206,1.2092498145634825
1.5C,10%-LCP,2080,GtCO2 per yr,1.6624313543348292,0.38847112102141407,0.4367134024193252,3.1316387131930714,-4.714026644445542,-8.461382680047327,0.8821037242998833
1.5C,10%-LCP,2085,GtCO2 per yr,1.5774667799187823,0.32915875826714036,0.3783744857025111,1.8013718173420314,-4.865230372213179,-8.958802794780684,0.6385492437990201
1.5C,10%-LCP,2090,GtCO2 per yr,1.4774956992461332,0.272743218047139,0.32365483390105754,0.6699697961832161,-4.963674467617267,-9.420781302193632,0.15012403136128205
1.5C,10%-LCP,2095,GtCO2 per yr,1.382679332124598,0.22406384935113216,0.2783681482729873,-0.2570450499582855,-5.031573470047675,-9.794882967235877,0.018504997465316413
1.5C,10%-LCP,2100,GtCO2 per yr,1.2585186570260616,0.18765501194370854,0.23893404478764044,-0.9610932832209944,-5.113432231768698,-10.327766742239957,-0.1006496127498911
1.5C,50%-LCP,2020,GtCO2 per yr,12.965849953934608,1.0624338467316092,0.11959488764766396,24.352448726737396,-1.1596790883333333e-5,0,0.7327795637118723
1.5C,50%-LCP,2025,GtCO2 per yr,10.275897823620072,1.0564699475471242,0.028774272812256363,22.949669966960855,-0.046729900361026394,-0.013974345899451941,-1.4663684196468132
1.5C,50%-LCP,2030,GtCO2 per yr,5.267700988679732,1.013612307376762,0.028744293867416892,21.17485784158789,-0.3974820070524218,-0.16888308807150895,-4.0318803216741195
1.5C,50%-LCP,2035,GtCO2 per yr,2.7263356027603423,0.9433752692344053,0.08762799855119252,18.526784613559837,-1.0442557459353452,-0.6421579263696785,-3.572165641875045
1.5C,50%-LCP,2040,GtCO2 per yr,2.2324648049043017,0.8889241157405793,0.17108476278094242,16.141722496488235,-1.517879186154788,-1.4597236680256194,-1.473958928670061
1.5C,50%-LCP,2045,GtCO2 per yr,2.024984945663759,0.816012566411888,0.27516675202875845,14.14387885518617,-1.9383446096002257,-2.735060900078131,0.23514139344269497
1.5C,50%-LCP,2050,GtCO2 per yr,1.9259053873859973,0.7460940273425589,0.38704744732025576,12.587978072809653,-2.37209353461358,-3.669210795174959,-0.8685889737359248
1.5C,50%-LCP,2055,GtCO2 per yr,1.847645174626896,0.6901149751477172,0.4655092717587862,11.304464088109722,-2.8295923972804458,-4.414528191896977,-1.296641083582584
1.5C,50%-LCP,2060,GtCO2 per yr,1.812798248565485,0.6426104603908972,0.5151511109419575,10.043227611353059,-3.2715327446040923,-5.141147081894793,-0.9904584527888618
1.5C,50%-LCP,2065,GtCO2 per yr,1.8099525350779189,0.5911081758065979,0.5419913433012641,8.745931405404288,-3.632258557246571,-5.768191557931854,-0.5143698260590573
1.5C,50%-LCP,2070,GtCO2 per yr,1.8081645424545272,0.535806424353771,0.5484001597271639,7.302725389052135,-3.960863077332079,-6.315017795815919,-0.21915688982707426
1.5C,50%-LCP,2075,GtCO2 per yr,1.7743386923925684,0.48385056056462544,0.5366710027419239,5.476837793415548,-4.303635156207544,-6.756915098648452,0.4973035268040682
1.5C,50%-LCP,2080,GtCO2 per yr,1.7340229468311525,0.42966458694820603,0.4950590936481066,3.8393344438187733,-4.540117319668728,-7.171157195399187,0.19475627551626015
1.5C,50%-LCP,2085,GtCO2 per yr,1.6503701393412413,0.3857904814712168,0.43480069600718124,2.4810924951515543,-4.689914875541277,-7.622446000070974,-0.1235968378580644
1.5C,50%-LCP,2090,GtCO2 per yr,1.5452289924626683,0.33243646299268276,0.37091937505586137,1.3027768150926762,-4.802416536252603,-8.03292663735254,-0.29717741163115025
1.5C,50%-LCP,2095,GtCO2 per yr,1.452110070891695,0.27110424360804714,0.3156101182192261,0.2926421540905986,-4.869519001414458,-8.353895180772232,-0.5140835933770214
1.5C,50%-LCP,2100,GtCO2 per yr,1.3323437318384759,0.21973068560145365,0.2705369022601746,-0.5127347866600437,-4.935255731002344,-8.772156709636029,-0.6179589336814372
1.5C,100%-LCP,2020,GtCO2 per yr,12.96584938463979,1.0624337180356718,0.11959488775998497,24.352448482732278,-1.1596790883333333e-5,0,0.7327795545083295
1.5C,100%-LCP,2025,GtCO2 per yr,10.400655894079186,1.0578445834457302,0.03516554989241871,22.997637202447294,-0.043812898213541625,-0.011309383991224706,-3.2632740061258874
1.5C,100%-LCP,2030,GtCO2 per yr,5.48597248255924,1.0169558294735288,0.04037702618549527,21.265202302519057,-0.36820958473364607,-0.1302327431607733,-7.047449929069454
1.5C,100%-LCP,2035,GtCO2 per yr,2.870281064465778,0.9484903772794694,0.10122064481824272,18.679045496051124,-0.952003485378942,-0.4770786243326623,-6.205805946682378
1.5C,100%-LCP,2040,GtCO2 per yr,2.326530288310394,0.8997267363188867,0.18551985321485243,16.394876841737272,-1.4041409327951104,-1.08350060346662,-4.182357733318028
1.5C,100%-LCP,2045,GtCO2 per yr,2.089017999893587,0.8300952677557525,0.2929107627227296,14.515431681155373,-1.8202225209331078,-2.0532333517274175,-2.4063054513109186
1.5C,100%-LCP,2050,GtCO2 per yr,1.9604609389919458,0.7544969684201236,0.3821366459892397,12.873038058259581,-2.225851028265493,-3.168057188632201,-1.3994912818205134
1.5C,100%-LCP,2055,GtCO2 per yr,1.8753370012547768,0.6983560662407081,0.46812705436787466,11.619781692989289,-2.6889091218056493,-3.8430697553699154,-2.2078980831574975
1.5C,100%-LCP,2060,GtCO2 per yr,1.8336299432553678,0.6501343153543081,0.5179178377100353,10.35875691444512,-3.157666379239369,-4.532496371383827,-2.0308646095984866
1.5C,100%-LCP,2065,GtCO2 per yr,1.8288170791052885,0.5977189078717461,0.5479290563232649,9.078583432175186,-3.5282575693444302,-5.114220956225718,-1.5387704418688426
1.5C,100%-LCP,2070,GtCO2 per yr,1.829525884227568,0.54223572281012,0.5625349677667255,7.624732662026015,-3.822758446549697,-5.520356862917808,-0.9706151806539165
1.5C,100%-LCP,2075,GtCO2 per yr,1.7980756651677945,0.499942154903053,0.5542964120530122,5.870559653015024,-4.099555431076611,-5.914096722728125,-0.17742178572498044
1.5C,100%-LCP,2080,GtCO2 per yr,1.7607548456584552,0.4560483787655307,0.5128166141612152,4.210160743705947,-4.3432457155705535,-6.246995376148888,-0.10241621586921389
1.5C,100%-LCP,2085,GtCO2 per yr,1.6787739393673728,0.4162217186066687,0.4512748027887605,2.821105624600736,-4.513132903757433,-6.607042270036128,-0.33687113316430534
1.5C,100%-LCP,2090,GtCO2 per yr,1.571402849368877,0.36137189798148717,0.38483733667432396,1.6284389189578066,-4.622907558309793,-6.949287658354878,-0.4590750227924852
1.5C,100%-LCP,2095,GtCO2 per yr,1.479487750651804,0.29646658871776554,0.32704703868157536,0.5966327777154837,-4.6835244688719655,-7.2175011713272905,-0.6025921010815022
1.5C,100%-LCP,2100,GtCO2 per yr,1.359810836303089,0.24017106423379797,0.2805411531182456,-0.24524454618506736,-4.746315649213967,-7.56087273848141,-0.6607767887843093
